glacier_id,from_elevation,to_elevation,date,max_date,elevation_date,max_elevation_date,area,mean_slope,mean_thickness,mean_thickness_uncertainty,max_thickness,max_thickness_uncertainty,flag,remarks
97,2250,2270,1968-01-01,1968-12-31,1968-01-01,1968-12-31,0.011,12,43,,,,,
97,2270,2290,1968-01-01,1968-12-31,1968-01-01,1968-12-31,0.014,15,36,,,,,
97,2290,2310,1968-01-01,1968-12-31,1968-01-01,1968-12-31,0.015,18,29,,,,,
97,2310,2330,1968-01-01,1968-12-31,1968-01-01,1968-12-31,0.021,25,22,,,,,
97,2330,2350,1968-01-01,1968-12-31,1968-01-01,1968-12-31,0.038,18,19,,,,,
97,2350,2370,1968-01-01,1968-12-31,1968-01-01,1968-12-31,0.072,14,37,,,,,
97,2370,2390,1968-01-01,1968-12-31,1968-01-01,1968-12-31,0.075,16,32,,,,,
97,2390,2410,1968-01-01,1968-12-31,1968-01-01,1968-12-31,0.091,15,35,,,,,
97,2410,2430,1968-01-01,1968-12-31,1968-01-01,1968-12-31,0.112,13,40,,,,,
97,2430,2450,1968-01-01,1968-12-31,1968-01-01,1968-12-31,0.085,18,29,,,,,
97,2450,2470,1968-01-01,1968-12-31,1968-01-01,1968-12-31,0.062,22,24,,,,,
97,2470,2490,1968-01-01,1968-12-31,1968-01-01,1968-12-31,0.061,22,24,,,,,
97,2490,2510,1968-01-01,1968-12-31,1968-01-01,1968-12-31,0.048,22,24,,,,,
97,2510,2530,1968-01-01,1968-12-31,1968-01-01,1968-12-31,0.049,23,23,,,,,
97,2530,2550,1968-01-01,1968-12-31,1968-01-01,1968-12-31,0.059,19,28,,,,,
97,2550,2570,1968-01-01,1968-12-31,1968-01-01,1968-12-31,0.056,21,25,,,,,
97,2570,2590,1968-01-01,1968-12-31,1968-01-01,1968-12-31,0.054,21,26,,,,,
97,2590,2610,1968-01-01,1968-12-31,1968-01-01,1968-12-31,0.05,20,27,,,,,
97,2610,2630,1968-01-01,1968-12-31,1968-01-01,1968-12-31,0.063,15,34,,,,,
97,2630,2650,1968-01-01,1968-12-31,1968-01-01,1968-12-31,0.046,18,29,,,,,
97,2650,2670,1968-01-01,1968-12-31,1968-01-01,1968-12-31,0.049,15,36,,,,,
97,2670,2690,1968-01-01,1968-12-31,1968-01-01,1968-12-31,0.056,15,36,,,,,
97,2690,2710,1968-01-01,1968-12-31,1968-01-01,1968-12-31,0.072,10,51,,,,,
97,2710,2730,1968-01-01,1968-12-31,1968-01-01,1968-12-31,0.051,16,33,,,,,
97,2730,2750,1968-01-01,1968-12-31,1968-01-01,1968-12-31,0.019,21,25,,,,,
100,2050,2070,1968-01-01,1968-12-31,1968-01-01,1968-12-31,0.001,17,43,,,,,
100,2070,2090,1968-01-01,1968-12-31,1968-01-01,1968-12-31,0.007,16,44,,,,,
100,2090,2110,1968-01-01,1968-12-31,1968-01-01,1968-12-31,0.017,16,45,,,,,
100,2110,2130,1968-01-01,1968-12-31,1968-01-01,1968-12-31,0.019,17,41,,,,,
100,2130,2150,1968-01-01,1968-12-31,1968-01-01,1968-12-31,0.02,17,43,,,,,
100,2150,2170,1968-01-01,1968-12-31,1968-01-01,1968-12-31,0.024,14,50,,,,,
100,2170,2190,1968-01-01,1968-12-31,1968-01-01,1968-12-31,0.022,19,38,,,,,
100,2190,2210,1968-01-01,1968-12-31,1968-01-01,1968-12-31,0.021,21,35,,,,,
100,2210,2230,1968-01-01,1968-12-31,1968-01-01,1968-12-31,0.028,17,43,,,,,
100,2230,2250,1968-01-01,1968-12-31,1968-01-01,1968-12-31,0.03,16,46,,,,,
100,2250,2270,1968-01-01,1968-12-31,1968-01-01,1968-12-31,0.031,16,45,,,,,
100,2270,2290,1968-01-01,1968-12-31,1968-01-01,1968-12-31,0.032,17,42,,,,,
100,2290,2310,1968-01-01,1968-12-31,1968-01-01,1968-12-31,0.061,23,25,,,,,
100,2310,2330,1968-01-01,1968-12-31,1968-01-01,1968-12-31,0.066,25,22,,,,,
100,2330,2350,1968-01-01,1968-12-31,1968-01-01,1968-12-31,0.07,26,22,,,,,
100,2350,2370,1968-01-01,1968-12-31,1968-01-01,1968-12-31,0.08,22,25,,,,,
100,2370,2390,1968-01-01,1968-12-31,1968-01-01,1968-12-31,0.094,26,22,,,,,
100,2390,2410,1968-01-01,1968-12-31,1968-01-01,1968-12-31,0.116,24,23,,,,,
100,2410,2430,1968-01-01,1968-12-31,1968-01-01,1968-12-31,0.133,20,28,,,,,
100,2430,2450,1968-01-01,1968-12-31,1968-01-01,1968-12-31,0.136,19,29,,,,,
100,2450,2470,1968-01-01,1968-12-31,1968-01-01,1968-12-31,0.148,19,31,,,,,
100,2470,2490,1968-01-01,1968-12-31,1968-01-01,1968-12-31,0.178,16,36,,,,,
100,2490,2510,1968-01-01,1968-12-31,1968-01-01,1968-12-31,0.168,17,33,,,,,
100,2510,2530,1968-01-01,1968-12-31,1968-01-01,1968-12-31,0.145,21,28,,,,,
100,2530,2550,1968-01-01,1968-12-31,1968-01-01,1968-12-31,0.123,22,26,,,,,
100,2550,2570,1968-01-01,1968-12-31,1968-01-01,1968-12-31,0.156,19,32,,,,,
100,2570,2590,1968-01-01,1968-12-31,1968-01-01,1968-12-31,0.232,14,44,,,,,
100,2590,2610,1968-01-01,1968-12-31,1968-01-01,1968-12-31,0.252,11,49,,,,,
100,2610,2630,1968-01-01,1968-12-31,1968-01-01,1968-12-31,0.233,14,40,,,,,
100,2630,2650,1968-01-01,1968-12-31,1968-01-01,1968-12-31,0.212,14,38,,,,,
100,2650,2670,1968-01-01,1968-12-31,1968-01-01,1968-12-31,0.198,16,38,,,,,
100,2670,2690,1968-01-01,1968-12-31,1968-01-01,1968-12-31,0.148,17,33,,,,,
100,2690,2710,1968-01-01,1968-12-31,1968-01-01,1968-12-31,0.154,10,57,,,,,
100,2710,2730,1968-01-01,1968-12-31,1968-01-01,1968-12-31,0.108,16,38,,,,,
100,2730,2750,1968-01-01,1968-12-31,1968-01-01,1968-12-31,0.04,18,33,,,,,
100,2750,2770,1968-01-01,1968-12-31,1968-01-01,1968-12-31,0.021,19,31,,,,,
100,2770,2790,1968-01-01,1968-12-31,1968-01-01,1968-12-31,0.022,23,30,,,,,
100,2790,2810,1968-01-01,1968-12-31,1968-01-01,1968-12-31,0.009,38,16,,,,,
100,2810,2830,1968-01-01,1968-12-31,1968-01-01,1968-12-31,0.008,36,18,,,,,
100,2830,2850,1968-01-01,1968-12-31,1968-01-01,1968-12-31,0.011,20,33,,,,,
100,2850,2870,1968-01-01,1968-12-31,1968-01-01,1968-12-31,0.003,65,6,,,,,
104,2390,2410,1967-01-01,1967-12-31,1967-01-01,1967-12-31,0.007,16,8,,,,,
104,2410,2430,1967-01-01,1967-12-31,1967-01-01,1967-12-31,0.009,17,8,,,,,
104,2430,2450,1967-01-01,1967-12-31,1967-01-01,1967-12-31,0.014,18,8,,,,,
104,2450,2470,1967-01-01,1967-12-31,1967-01-01,1967-12-31,0.014,25,6,,,,,
104,2470,2490,1967-01-01,1967-12-31,1967-01-01,1967-12-31,0.023,19,7,,,,,
104,2490,2510,1967-01-01,1967-12-31,1967-01-01,1967-12-31,0.036,25,6,,,,,
104,2510,2530,1967-01-01,1967-12-31,1967-01-01,1967-12-31,0.033,31,5,,,,,
104,2530,2550,1967-01-01,1967-12-31,1967-01-01,1967-12-31,0.071,17,8,,,,,
104,2550,2570,1967-01-01,1967-12-31,1967-01-01,1967-12-31,0.094,16,9,,,,,
104,2570,2590,1967-01-01,1967-12-31,1967-01-01,1967-12-31,0.117,12,11,,,,,
104,2590,2610,1967-01-01,1967-12-31,1967-01-01,1967-12-31,0.194,7,21,,,,,
104,2610,2630,1967-01-01,1967-12-31,1967-01-01,1967-12-31,0.127,11,12,,,,,
104,2630,2650,1967-01-01,1967-12-31,1967-01-01,1967-12-31,0.065,15,9,,,,,
104,2650,2670,1967-01-01,1967-12-31,1967-01-01,1967-12-31,0.058,14,10,,,,,
104,2670,2690,1967-01-01,1967-12-31,1967-01-01,1967-12-31,0.038,12,11,,,,,
362,2600,2650,2010-02-16,,2006-01-01,2006-12-31,0.01985,24,14,5,29,5,,
362,2650,2700,2010-02-16,,2006-01-01,2006-12-31,0.03433,20,21,5,36,5,,
362,2700,2750,2010-02-16,,2006-01-01,2006-12-31,0.02145,23,10,3,23,5,,
362,2750,2800,2010-02-16,,2006-01-01,2006-12-31,0.00505,28,4,3,10,4,,
486,2540,2560,2006-11-07,,2006-01-01,2006-12-31,0.0066,4,7,2,10,2,,
486,2560,2580,2006-11-07,,2006-01-01,2006-12-31,0.04396,10,7,2,22,2,,
486,2580,2600,2006-11-07,,2006-01-01,2006-12-31,0.03325,14,16,2,46,2,,
486,2600,2620,2006-11-07,,2006-01-01,2006-12-31,0.03801,15,28,2,52,2,,
486,2620,2640,2006-11-07,,2006-01-01,2006-12-31,0.04968,15,26,2,48,2,,
486,2640,2660,2006-11-07,,2006-01-01,2006-12-31,0.04685,19,23,2,45,2,,
486,2660,2680,2006-11-07,,2006-01-01,2006-12-31,0.03474,23,15,2,33,2,,
486,2680,2700,2006-11-07,,2006-01-01,2006-12-31,0.02489,24,8,2,24,2,,
486,2700,2720,2006-11-07,,2006-01-01,2006-12-31,0.0114,28,5,2,13,2,,
486,2720,2740,2006-11-07,,2006-01-01,2006-12-31,0.00733,33,6,2,11,2,,
486,2740,2760,2006-11-07,,2006-01-01,2006-12-31,0.00564,35,4,2,11,2,,
486,2760,2780,2006-11-07,,2006-01-01,2006-12-31,0.00292,36,1,2,7,2,,
486,2780,2800,2006-11-07,,2006-01-01,2006-12-31,0.00157,39,0,2,0,2,,
487,2520,2540,2006-11-07,,2006-01-01,2006-12-31,0.00878,15,1,2,2,2,,
487,2540,2560,2006-11-07,,2006-01-01,2006-12-31,0.00669,18,1,2,2,2,,
487,2560,2580,2006-11-07,,2006-01-01,2006-12-31,0.02116,16,4,2,13,2,,
487,2580,2600,2006-11-07,,2006-01-01,2006-12-31,0.01689,25,6,2,16,2,,
487,2600,2620,2006-11-07,,2006-01-01,2006-12-31,0.01567,26,7,2,17,2,,
487,2620,2640,2006-11-07,,2006-01-01,2006-12-31,0.01072,32,6,2,13,2,,
487,2640,2660,2006-11-07,,2006-01-01,2006-12-31,0.00442,36,3,2,7,2,,
487,2660,2680,2006-11-07,,2006-01-01,2006-12-31,8e-05,37,0,2,0,2,,
488,2200,2220,2010-09-17,,2010-01-01,2010-12-31,0.37478,24,3,2,12,2,,
488,2220,2240,2010-09-17,,2010-01-01,2010-12-31,0.85051,24,6,2,15,2,,
488,2240,2260,2010-09-17,,2010-01-01,2010-12-31,1.34539,21,8,2,17,2,,
488,2260,2280,2010-09-17,,2010-01-01,2010-12-31,1.65716,20,9,2,20,2,,
488,2280,2300,2010-09-17,,2010-01-01,2010-12-31,1.74264,21,10,2,21,2,,
488,2300,2320,2010-09-17,,2010-01-01,2010-12-31,2.30146,20,12,2,27,2,,
488,2320,2340,2010-09-17,,2010-01-01,2010-12-31,2.13564,24,10,2,26,2,,
488,2340,2360,2010-09-17,,2010-01-01,2010-12-31,2.14076,23,9,2,29,2,,
488,2360,2380,2010-09-17,,2010-01-01,2010-12-31,1.96881,27,16,2,33,2,,
488,2380,2400,2010-09-17,,2010-01-01,2010-12-31,2.01042,28,23,2,52,2,,
488,2400,2420,2010-09-17,,2010-01-01,2010-12-31,1.6315,29,23,2,51,2,,
488,2420,2440,2010-09-17,,2010-01-01,2010-12-31,1.06064,33,16,2,34,2,,
488,2440,2460,2010-09-17,,2010-01-01,2010-12-31,0.88708,33,11,2,24,2,,
488,2460,2480,2010-09-17,,2010-01-01,2010-12-31,0.83214,31,10,2,24,2,,
488,2480,2500,2010-09-17,,2010-01-01,2010-12-31,0.4608,35,10,2,24,2,,
488,2500,2520,2010-09-17,,2010-01-01,2010-12-31,0.30164,40,8,2,23,2,,
488,2520,2540,2010-09-17,,2010-01-01,2010-12-31,0.32748,37,3,2,9,2,,
488,2540,2560,2010-09-17,,2010-01-01,2010-12-31,0.26837,30,1,2,3,2,,
488,2560,2580,2010-09-17,,2010-01-01,2010-12-31,0.00278,30,0,2,0,2,,
489,1900,1920,2007-10-03,,2007-01-01,2007-12-31,0.0027,21,1,2,2,2,,
489,1920,1940,2007-10-03,,2007-01-01,2007-12-31,0.00458,21,2,2,6,2,,
489,1940,1960,2007-10-03,,2007-01-01,2007-12-31,0.00672,23,3,2,6,2,,
489,1960,1980,2007-10-03,,2007-01-01,2007-12-31,0.00527,22,3,2,6,2,,
489,1980,2000,2007-10-03,,2007-01-01,2007-12-31,0.00486,26,3,2,7,2,,
489,2000,2020,2007-10-03,,2007-01-01,2007-12-31,0.00647,28,3,2,8,2,,
489,2020,2040,2007-10-03,,2007-01-01,2007-12-31,0.00392,34,3,2,7,2,,
489,2040,2060,2007-10-03,,2007-01-01,2007-12-31,0.00394,32,4,2,7,2,,
489,2060,2080,2007-10-03,,2007-01-01,2007-12-31,0.00413,32,3,2,7,2,,
489,2080,2100,2007-10-03,,2007-01-01,2007-12-31,0.00266,32,1,2,4,2,,
489,2100,2120,2007-10-03,,2007-01-01,2007-12-31,0.00022,40,0,2,0,2,,
489,2120,2140,2007-10-03,,2007-01-01,2007-12-31,0.00062,35,1,2,2,2,,
489,2140,2160,2007-10-03,,2007-01-01,2007-12-31,0.00422,34,1,2,7,2,,
489,2160,2180,2007-10-03,,2007-01-01,2007-12-31,0.00814,31,3,2,8,2,,
489,2180,2200,2007-10-03,,2007-01-01,2007-12-31,0.00872,32,5,2,11,2,,
489,2200,2220,2007-10-03,,2007-01-01,2007-12-31,0.00788,35,6,2,12,2,,
489,2220,2240,2007-10-03,,2007-01-01,2007-12-31,0.00634,38,6,2,13,2,,
489,2240,2260,2007-10-03,,2007-01-01,2007-12-31,0.00616,40,6,2,13,2,,
489,2260,2280,2007-10-03,,2007-01-01,2007-12-31,0.00488,41,7,2,12,2,,
489,2280,2300,2007-10-03,,2007-01-01,2007-12-31,0.00438,41,8,2,12,2,,
489,2300,2320,2007-10-03,,2007-01-01,2007-12-31,0.00398,42,7,2,12,2,,
489,2320,2340,2007-10-03,,2007-01-01,2007-12-31,0.00326,48,4,2,9,2,,
489,2340,2360,2007-10-03,,2007-01-01,2007-12-31,0.00104,50,2,2,6,2,,
489,2360,2380,2007-10-03,,2007-01-01,2007-12-31,0.00044,21,0,2,1,2,,
489,2380,2400,2007-10-03,,2007-01-01,2007-12-31,4e-05,35,3,2,3,2,,
490,2000,2020,2007-10-02,,2007-01-01,2007-12-31,0.01963,11,9,2,14,2,,
490,2020,2040,2007-10-02,,2007-01-01,2007-12-31,0.01774,18,9,2,14,2,,
490,2040,2060,2007-10-02,,2007-01-01,2007-12-31,0.01805,21,6,2,13,2,,
490,2060,2080,2007-10-02,,2007-01-01,2007-12-31,0.01697,26,5,2,16,2,,
490,2080,2100,2007-10-02,,2007-01-01,2007-12-31,0.01341,30,5,2,15,2,,
490,2100,2120,2007-10-02,,2007-01-01,2007-12-31,0.00794,34,2,2,8,2,,
490,2120,2140,2007-10-02,,2007-01-01,2007-12-31,0.00393,34,1,2,5,2,,
490,2140,2160,2007-10-02,,2007-01-01,2007-12-31,0.00187,28,1,2,2,2,,
490,2160,2180,2007-10-02,,2007-01-01,2007-12-31,0.00083,32,1,2,2,2,,
490,2180,2200,2007-10-02,,2007-01-01,2007-12-31,0.00047,29,0,2,1,2,,
497,2500,2600,2008-01-01,2012-12-31,2010-01-01,2010-12-31,0.08063,10,17,,47,,,
497,2600,2700,2008-01-01,2012-12-31,2010-01-01,2010-12-31,0.31875,9,59,,114,,,
497,2700,2800,2008-01-01,2012-12-31,2010-01-01,2010-12-31,0.2525,12,61,,119,,,
497,2800,2900,2008-01-01,2012-12-31,2010-01-01,2010-12-31,0.3475,12,89,,163,,,
497,2900,3000,2008-01-01,2012-12-31,2010-01-01,2010-12-31,0.5825,12,84,,172,,,
497,3000,3100,2008-01-01,2012-12-31,2010-01-01,2010-12-31,0.97188,9,116,,226,,,
497,3100,3200,2008-01-01,2012-12-31,2010-01-01,2010-12-31,1.73188,9,130,,226,,,
497,3200,3300,2008-01-01,2012-12-31,2010-01-01,2010-12-31,1.81313,12,116,,226,,,
497,3300,3400,2008-01-01,2012-12-31,2010-01-01,2010-12-31,1.94313,15,70,,151,,,
497,3400,3500,2008-01-01,2012-12-31,2010-01-01,2010-12-31,2.36875,13,87,,157,,,
497,3500,3600,2008-01-01,2012-12-31,2010-01-01,2010-12-31,1.62437,16,67,,155,,,
497,3600,3700,2008-01-01,2012-12-31,2010-01-01,2010-12-31,0.48812,21,52,,108,,,
497,3700,3800,2008-01-01,2012-12-31,2010-01-01,2010-12-31,0.31312,21,40,,134,,,
497,3800,3900,2008-01-01,2012-12-31,2010-01-01,2010-12-31,0.24,14,60,,130,,,
497,3900,4000,2008-01-01,2012-12-31,2010-01-01,2010-12-31,0.00313,46,16,,18,,,
2093,5000,5100,2012-08-07,,2012-08-07,,0.0319,21,17,,27,,,
2093,5100,5200,2012-08-07,,2012-08-07,,0.1806,21,27,,48,,,
2093,5200,5300,2012-08-07,,2012-08-07,,0.0844,30,22,,36,,,
2011,4700,4800,2014-01-25,,2014-01-25,,,18,24,,53,,,
2011,4800,4900,2014-01-25,,2014-01-25,,,38,17,,43,,,
2011,4900,5000,2014-01-25,,2014-01-25,,,37,12,,17,,,
2012,5000,5100,2012-08-09,,2006-01-01,2006-12-31,0.2759,8,78,,109,,partial,
2012,5100,5200,2012-08-09,,2006-01-01,2006-12-31,0.2222,21,69,,103,,partial,
2012,5200,5300,2012-08-09,,2006-01-01,2006-12-31,0.1594,29,59,,106,,partial,
2012,5400,5500,2012-08-09,,2006-01-01,2006-12-31,0.2336,27,58,,81,,partial,
2012,5500,5600,2012-08-09,,2006-01-01,2006-12-31,0.2621,24,51,,82,,partial,
2012,5600,5700,2012-08-09,,2006-01-01,2006-12-31,0.2345,24,47,,78,,partial,
2013,2200,2250,2011-03-01,2011-03-31,2010-01-01,2010-12-31,0.00632,44,11,,22,,,
2013,2250,2300,2011-03-01,2011-03-31,2010-01-01,2010-12-31,0.00573,46,8,,17,,,
2013,2300,2350,2011-03-01,2011-03-31,2010-01-01,2010-12-31,0.0073,46,10,,22,,,
2013,2350,2400,2011-03-01,2011-03-31,2010-01-01,2010-12-31,0.00625,50,4,,16,,,
2013,2400,2450,2011-03-01,2011-03-31,2010-01-01,2010-12-31,0.00072,79,0,,0,,,
2013,2450,2500,2011-03-01,2011-03-31,2010-01-01,2010-12-31,7e-05,90,0,,0,,,
2014,2950,3000,2013-03-01,2013-03-31,2009-01-01,2009-12-31,0.003,33,17,,26,,,
2014,3000,3050,2013-03-01,2013-03-31,2009-01-01,2009-12-31,0.0051,37,27,,39,,,
2014,3050,3100,2013-03-01,2013-03-31,2009-01-01,2009-12-31,0.0091,26,11,,40,,,
2014,3100,3150,2013-03-01,2013-03-31,2009-01-01,2009-12-31,0.0081,28,6,,26,,,
2014,3150,3200,2013-03-01,2013-03-31,2009-01-01,2009-12-31,0.0232,22,13,,25,,,
2014,3200,3250,2013-03-01,2013-03-31,2009-01-01,2009-12-31,0.0609,17,18,,32,,,
2014,3250,3300,2013-03-01,2013-03-31,2009-01-01,2009-12-31,0.0695,19,23,,50,,,
2014,3300,3350,2013-03-01,2013-03-31,2009-01-01,2009-12-31,0.0314,29,13,,39,,,
2014,3350,3400,2013-03-01,2013-03-31,2009-01-01,2009-12-31,0.0132,32,7,,17,,,
2014,3400,3450,2013-03-01,2013-03-31,2009-01-01,2009-12-31,0.0022,27,14,,19,,,
2015,2500,2550,2013-03-01,2013-03-31,2010-01-01,2010-12-31,5e-05,29,2,,2,,,
2015,2550,2600,2013-03-01,2013-03-31,2010-01-01,2010-12-31,0.00984,26,8,,14,,,
2015,2600,2650,2013-03-01,2013-03-31,2010-01-01,2010-12-31,0.02022,24,11,,18,,,
2015,2650,2700,2013-03-01,2013-03-31,2010-01-01,2010-12-31,0.01402,33,12,,22,,,
2015,2700,2750,2013-03-01,2013-03-31,2010-01-01,2010-12-31,0.01203,39,8,,44,,,
2015,2750,2800,2013-03-01,2013-03-31,2010-01-01,2010-12-31,0.02131,25,18,,33,,,
2015,2800,2850,2013-03-01,2013-03-31,2010-01-01,2010-12-31,0.01754,28,18,,33,,,
2015,2850,2900,2013-03-01,2013-03-31,2010-01-01,2010-12-31,0.0242,22,20,,41,,,
2015,2900,2950,2013-03-01,2013-03-31,2010-01-01,2010-12-31,0.01651,26,16,,35,,,
2016,3000,3050,2013-03-01,2013-03-31,2009-01-01,2009-12-31,0.001,21,8,,13,,,
2016,3050,3100,2013-03-01,2013-03-31,2009-01-01,2009-12-31,0.0185,20,15,,30,,,
2016,3100,3150,2013-03-01,2013-03-31,2009-01-01,2009-12-31,0.0513,17,25,,44,,,
2016,3150,3200,2013-03-01,2013-03-31,2009-01-01,2009-12-31,0.1138,13,23,,44,,,
2016,3200,3250,2013-03-01,2013-03-31,2009-01-01,2009-12-31,0.106,14,26,,49,,,
2016,3250,3300,2013-03-01,2013-03-31,2009-01-01,2009-12-31,0.0109,27,9,,19,,,
2017,2650,2700,2009-03-01,2009-03-31,2009-01-01,2009-12-31,0.01248,15,16,,39,,,
2017,2700,2750,2009-03-01,2009-03-31,2009-01-01,2009-12-31,0.08368,15,25,,51,,,
2017,2750,2800,2009-03-01,2009-03-31,2009-01-01,2009-12-31,0.12202,15,27,,47,,,
2017,2800,2850,2009-03-01,2009-03-31,2009-01-01,2009-12-31,0.07052,18,31,,57,,,
2017,2850,2900,2009-03-01,2009-03-31,2009-01-01,2009-12-31,0.06222,21,26,,52,,,
2017,2900,2950,2009-03-01,2009-03-31,2009-01-01,2009-12-31,0.01558,35,8,,21,,,
2017,2950,3000,2009-03-01,2009-03-31,2009-01-01,2009-12-31,4e-05,55,5,,6,,,
2018,2750,2800,2013-10-03,,2010-01-01,2010-12-31,0.00625,26,16,,28,,,
2018,2800,2850,2013-10-03,,2010-01-01,2010-12-31,0.05,21,18,,32,,,
2018,2850,2900,2013-10-03,,2010-01-01,2010-12-31,0.18688,16,20,,46,,,
2018,2900,2950,2013-10-03,,2010-01-01,2010-12-31,0.27313,12,20,,54,,,
2018,2950,3000,2013-10-03,,2010-01-01,2010-12-31,0.06625,15,12,,29,,,
2019,2600,2650,2011-03-01,2011-03-31,2008-01-01,2008-12-31,0.02562,19,10,,14,,,
2019,2650,2700,2011-03-01,2011-03-31,2008-01-01,2008-12-31,0.09875,17,14,,22,,,
2019,2700,2750,2011-03-01,2011-03-31,2008-01-01,2008-12-31,0.08563,20,16,,25,,,
2019,2750,2800,2011-03-01,2011-03-31,2008-01-01,2008-12-31,0.06563,21,13,,22,,,
2019,2800,2850,2011-03-01,2011-03-31,2008-01-01,2008-12-31,0.00813,33,16,,28,,,
2019,2850,2900,2011-03-01,2011-03-31,2008-01-01,2008-12-31,0.00125,38,27,,29,,,
2019,2900,2950,2011-03-01,2011-03-31,2008-01-01,2008-12-31,0.03313,26,15,,29,,,
2019,2950,3000,2011-03-01,2011-03-31,2008-01-01,2008-12-31,0.06438,20,11,,17,,,
2019,3000,3050,2011-03-01,2011-03-31,2008-01-01,2008-12-31,0.00813,11,10,,13,,,
2020,2700,2750,2013-03-01,2013-03-31,2010-01-01,2010-12-31,0.01304,28,6,,12,,,
2020,2750,2800,2013-03-01,2013-03-31,2010-01-01,2010-12-31,0.03253,25,9,,19,,,
2020,2800,2850,2013-03-01,2013-03-31,2010-01-01,2010-12-31,0.01291,31,8,,16,,,
2021,2650,2700,2011-03-01,2011-03-31,2008-01-01,2008-12-31,0.03125,14,10,,15,,,
2021,2700,2750,2011-03-01,2011-03-31,2008-01-01,2008-12-31,0.06438,15,15,,27,,,
2021,2750,2800,2011-03-01,2011-03-31,2008-01-01,2008-12-31,0.13688,11,27,,51,,,
2021,2800,2850,2011-03-01,2011-03-31,2008-01-01,2008-12-31,0.04063,22,23,,48,,,
2021,2850,2900,2011-03-01,2011-03-31,2008-01-01,2008-12-31,0.01063,34,15,,19,,,
2021,2900,2950,2011-03-01,2011-03-31,2008-01-01,2008-12-31,0.035,25,15,,20,,,
2021,2950,3000,2011-03-01,2011-03-31,2008-01-01,2008-12-31,0.045,24,12,,19,,,
2021,3000,3050,2011-03-01,2011-03-31,2008-01-01,2008-12-31,0.01563,27,9,,14,,,
2022,2700,2750,2012-03-01,2012-03-31,2010-01-01,2010-12-31,0.0091,24,10,,24,,,
2022,2750,2800,2012-03-01,2012-03-31,2010-01-01,2010-12-31,0.0944,16,29,,54,,,
2022,2800,2850,2012-03-01,2012-03-31,2010-01-01,2010-12-31,0.1855,12,31,,58,,,
2022,2850,2900,2012-03-01,2012-03-31,2010-01-01,2010-12-31,0.0127,35,10,,23,,,
2023,2600,2650,2013-03-01,2013-03-31,2010-01-01,2010-12-31,0.0175,14,12,,20,,,
2023,2650,2700,2013-03-01,2013-03-31,2010-01-01,2010-12-31,0.0408,18,16,,33,,,
2023,2700,2750,2013-03-01,2013-03-31,2010-01-01,2010-12-31,0.0483,18,23,,44,,,
2023,2750,2800,2013-03-01,2013-03-31,2010-01-01,2010-12-31,0.0454,22,19,,37,,,
2023,2800,2850,2013-03-01,2013-03-31,2010-01-01,2010-12-31,0.0472,29,11,,29,,,
2023,2850,2900,2013-03-01,2013-03-31,2010-01-01,2010-12-31,0.0174,30,12,,27,,,
2023,2900,2950,2013-03-01,2013-03-31,2010-01-01,2010-12-31,0.001,55,8,,11,,,
2024,2750,2800,2013-03-01,2013-03-31,2010-01-01,2010-12-31,0.01557,11,11,,23,,,
2024,2800,2850,2013-03-01,2013-03-31,2010-01-01,2010-12-31,0.14836,9,23,,41,,,
2024,2850,2900,2013-03-01,2013-03-31,2010-01-01,2010-12-31,0.17148,10,33,,57,,,
2024,2900,2950,2013-03-01,2013-03-31,2010-01-01,2010-12-31,0.08087,19,33,,55,,,
2024,2950,3000,2013-03-01,2013-03-31,2010-01-01,2010-12-31,0.06446,20,25,,40,,,
2024,3000,3050,2013-03-01,2013-03-31,2010-01-01,2010-12-31,0.0676,24,19,,38,,,
2024,3050,3100,2013-03-01,2013-03-31,2010-01-01,2010-12-31,0.03501,31,15,,31,,,
2024,3100,3150,2013-03-01,2013-03-31,2010-01-01,2010-12-31,0.02113,31,13,,27,,,
2024,3150,3200,2013-03-01,2013-03-31,2010-01-01,2010-12-31,0.01527,35,10,,16,,,
2024,3200,3250,2013-03-01,2013-03-31,2010-01-01,2010-12-31,0.00992,35,7,,16,,,
2025,2450,2500,2010-03-01,2010-03-31,2010-01-01,2010-12-31,0.00937,29,1,,5,,,
2025,2500,2550,2010-03-01,2010-03-31,2010-01-01,2010-12-31,0.04063,16,17,,41,,,
2025,2550,2600,2010-03-01,2010-03-31,2010-01-01,2010-12-31,0.07938,13,39,,76,,,
2025,2600,2650,2010-03-01,2010-03-31,2010-01-01,2010-12-31,0.19375,11,45,,119,,,
2025,2650,2700,2010-03-01,2010-03-31,2010-01-01,2010-12-31,0.4225,11,52,,135,,,
2025,2700,2750,2010-03-01,2010-03-31,2010-01-01,2010-12-31,0.61625,8,79,,148,,,
2025,2750,2800,2010-03-01,2010-03-31,2010-01-01,2010-12-31,0.61687,9,95,,174,,,
2025,2800,2850,2010-03-01,2010-03-31,2010-01-01,2010-12-31,0.78875,8,78,,173,,,
2025,2850,2900,2010-03-01,2010-03-31,2010-01-01,2010-12-31,0.30438,12,49,,125,,,
2025,2900,2950,2010-03-01,2010-03-31,2010-01-01,2010-12-31,0.11313,15,27,,98,,,
2025,2950,3000,2010-03-01,2010-03-31,2010-01-01,2010-12-31,0.0425,16,3,,14,,,
2026,2700,2750,2015-03-01,2015-03-31,2012-01-01,2012-12-31,0.0284,29,8,,23,,,
2026,2750,2800,2015-03-01,2015-03-31,2012-01-01,2012-12-31,0.0459,24,21,,36,,,
2026,2800,2850,2015-03-01,2015-03-31,2012-01-01,2012-12-31,0.0677,22,19,,36,,,
2026,2850,2900,2015-03-01,2015-03-31,2012-01-01,2012-12-31,0.0355,37,11,,24,,,
2026,2900,2950,2015-03-01,2015-03-31,2012-01-01,2012-12-31,0.0438,30,15,,26,,,
2026,2950,3000,2015-03-01,2015-03-31,2012-01-01,2012-12-31,0.0266,41,13,,32,,,
2026,3000,3050,2015-03-01,2015-03-31,2012-01-01,2012-12-31,0.0115,51,7,,23,,,
2026,3050,3100,2015-03-01,2015-03-31,2012-01-01,2012-12-31,0.0011,62,1,,2,,,
2073,2700,2730,2013-07-07,,,,0.0048,,4,,,,other,
2073,2730,2800,2013-07-07,,,,0.1026,,20,,,,other,
2073,2800,2900,2013-07-07,,,,0.189,,27,,,,other,
2073,2900,3000,2013-07-07,,,,0.2049,,56,,,,other,
2073,3000,3100,2013-07-07,,,,0.269,,25,,,,other,
2073,3100,3200,2013-07-07,,,,0.3086,,35,,,,other,
2073,3200,3300,2013-07-07,,,,0.3761,,39,,,,other,
2073,3300,3400,2013-07-07,,,,0.30505,,36,,,,other,
2073,3400,3500,2013-07-07,,,,0.31298,,36,,,,other,
2073,3500,3700,2013-07-07,,,,0.00132,,7,,,,other,
2085,3100,3150,2013-01-01,2013-12-31,2013-01-01,2013-12-31,0.023,15,10,,23,,,
2085,3150,3200,2013-01-01,2013-12-31,2013-01-01,2013-12-31,0.075,12,22,,56,,,
2085,3200,3250,2013-01-01,2013-12-31,2013-01-01,2013-12-31,0.116,10,35,,75,,,
2085,3250,3300,2013-01-01,2013-12-31,2013-01-01,2013-12-31,0.17,9,49,,122,,,
2085,3300,3350,2013-01-01,2013-12-31,2013-01-01,2013-12-31,0.19,9,59,,113,,,
2085,3350,3400,2013-01-01,2013-12-31,2013-01-01,2013-12-31,0.261,12,50,,118,,,
2085,3400,3450,2013-01-01,2013-12-31,2013-01-01,2013-12-31,0.217,15,32,,73,,,
2085,3450,3500,2013-01-01,2013-12-31,2013-01-01,2013-12-31,0.269,16,23,,81,,,
2085,3500,3550,2013-01-01,2013-12-31,2013-01-01,2013-12-31,0.297,18,22,,64,,,
2085,3550,3600,2013-01-01,2013-12-31,2013-01-01,2013-12-31,0.28,22,19,,60,,,
2085,3600,3650,2013-01-01,2013-12-31,2013-01-01,2013-12-31,0.337,22,12,,36,,,
2085,3650,3700,2013-01-01,2013-12-31,2013-01-01,2013-12-31,0.354,21,7,,27,,,
2085,3700,3750,2013-01-01,2013-12-31,2013-01-01,2013-12-31,0.384,17,5,,22,,,
2085,3750,3800,2013-01-01,2013-12-31,2013-01-01,2013-12-31,0.105,15,2,,9,,,
2086,3550,3600,2009-01-01,2009-12-31,2009-01-01,2009-12-31,0.002,22,1,,3,,,Two parts of glacier (hanging at mountain peaks with steep topography) with total area around 0.1 km2 was excluded in the thickness calculation. They are almost separated from the main body of the glacier.
2086,3600,3650,2009-01-01,2009-12-31,2009-01-01,2009-12-31,0.018,30,9,,26,,,
2086,3650,3700,2009-01-01,2009-12-31,2009-01-01,2009-12-31,0.104,11,20,,42,,,
2086,3700,3750,2009-01-01,2009-12-31,2009-01-01,2009-12-31,0.468,8,56,,104,,,
2086,3750,3800,2009-01-01,2009-12-31,2009-01-01,2009-12-31,0.148,22,56,,95,,,
2086,3800,3850,2009-01-01,2009-12-31,2009-01-01,2009-12-31,0.149,25,45,,85,,,
2086,3850,3900,2009-01-01,2009-12-31,2009-01-01,2009-12-31,0.16,25,37,,82,,,
2086,3900,3950,2009-01-01,2009-12-31,2009-01-01,2009-12-31,0.255,20,34,,78,,,
2086,3950,4000,2009-01-01,2009-12-31,2009-01-01,2009-12-31,0.284,22,27,,65,,,
2086,4000,4050,2009-01-01,2009-12-31,2009-01-01,2009-12-31,0.338,20,21,,47,,,
2086,4050,4100,2009-01-01,2009-12-31,2009-01-01,2009-12-31,0.272,24,13,,36,,,
2086,4150,4200,2009-01-01,2009-12-31,2009-01-01,2009-12-31,0.125,30,6,,15,,,
2086,4200,4250,2009-01-01,2009-12-31,2009-01-01,2009-12-31,0.112,23,3,,10,,,
2086,4250,4300,2009-01-01,2009-12-31,2009-01-01,2009-12-31,0.088,17,2,,6,,,
2086,4300,4350,2009-01-01,2009-12-31,2009-01-01,2009-12-31,0.003,4,0,,1,,,
2087,3700,3750,2006-08-01,2006-08-31,2006-01-01,2006-12-31,0.045,15,16,,36,5,,
2087,3750,3800,2006-08-01,2006-08-31,2006-01-01,2006-12-31,0.064,20,32,,63,5,,
2087,3800,3850,2006-08-01,2006-08-31,2006-01-01,2006-12-31,0.116,16,42,,90,5,,
2087,3850,3900,2006-08-01,2006-08-31,2006-01-01,2006-12-31,0.144,16,57,,134,5,,
2087,3900,3950,2006-08-01,2006-08-31,2006-01-01,2006-12-31,0.229,14,58,,140,5,,
2087,3950,4000,2006-08-01,2006-08-31,2006-01-01,2006-12-31,0.302,12,45,,119,5,,
2087,4000,4050,2006-08-01,2006-08-31,2006-01-01,2006-12-31,0.194,18,55,,115,5,,
2087,4050,4100,2006-08-01,2006-08-31,2006-01-01,2006-12-31,0.123,27,65,,120,5,,
2087,4100,4150,2006-08-01,2006-08-31,2006-01-01,2006-12-31,0.098,36,45,,115,5,,
2087,4150,4200,2006-08-01,2006-08-31,2006-01-01,2006-12-31,0.115,31,34,,113,5,,
2087,4200,4250,2006-08-01,2006-08-31,2006-01-01,2006-12-31,0.084,28,28,,111,5,,
2087,4250,4300,2006-08-01,2006-08-31,2006-01-01,2006-12-31,0.044,31,34,,62,5,,
2087,4300,4350,2006-08-01,2006-08-31,2006-01-01,2006-12-31,0.038,33,28,,65,5,,
2087,4350,4400,2006-08-01,2006-08-31,2006-01-01,2006-12-31,0.062,21,27,,80,5,,
2087,4400,4450,2006-08-01,2006-08-31,2006-01-01,2006-12-31,0.03,24,33,,87,5,,
2087,4450,4500,2006-08-01,2006-08-31,2006-01-01,2006-12-31,0.01,22,23,,80,5,,
2088,3700,3750,2006-08-01,2006-08-31,2006-01-01,2006-12-31,0.045,15,16,,36,5,,
2088,3750,3800,2006-08-01,2006-08-31,2006-01-01,2006-12-31,0.064,20,32,,63,5,,
2088,3800,3850,2006-08-01,2006-08-31,2006-01-01,2006-12-31,0.109,15,45,,90,5,,
2088,3850,3900,2006-08-01,2006-08-31,2006-01-01,2006-12-31,0.113,16,67,,134,5,,
2088,3900,3950,2006-08-01,2006-08-31,2006-01-01,2006-12-31,0.184,13,64,,140,5,,
2088,3950,4000,2006-08-01,2006-08-31,2006-01-01,2006-12-31,0.233,11,42,,119,5,,
2088,4000,4050,2006-08-01,2006-08-31,2006-01-01,2006-12-31,0.099,22,42,,101,5,,
2088,4050,4100,2006-08-01,2006-08-31,2006-01-01,2006-12-31,0.05,38,41,,91,5,,
2088,4100,4150,2006-08-01,2006-08-31,2006-01-01,2006-12-31,0.057,38,29,,103,5,,
2088,4150,4200,2006-08-01,2006-08-31,2006-01-01,2006-12-31,0.086,27,25,,96,5,,
2088,4200,4250,2006-08-01,2006-08-31,2006-01-01,2006-12-31,0.052,23,20,,60,5,,
2089,3800,3850,2006-08-01,2006-08-31,2006-01-01,2006-12-31,0.008,25,4,,12,5,,
2089,3850,3900,2006-08-01,2006-08-31,2006-01-01,2006-12-31,0.031,18,22,,60,5,,
2089,3900,3950,2006-08-01,2006-08-31,2006-01-01,2006-12-31,0.045,19,34,,73,5,,
2089,3950,4000,2006-08-01,2006-08-31,2006-01-01,2006-12-31,0.069,16,53,,96,5,,
2089,4000,4050,2006-08-01,2006-08-31,2006-01-01,2006-12-31,0.095,13,68,,115,5,,
2089,4050,4100,2006-08-01,2006-08-31,2006-01-01,2006-12-31,0.073,19,81,,120,5,,
2089,4100,4150,2006-08-01,2006-08-31,2006-01-01,2006-12-31,0.041,33,67,,115,5,,
2089,4150,4200,2006-08-01,2006-08-31,2006-01-01,2006-12-31,0.029,42,60,,113,5,,
2089,4200,4250,2006-08-01,2006-08-31,2006-01-01,2006-12-31,0.032,37,42,,111,5,,
2089,4250,4300,2006-08-01,2006-08-31,2006-01-01,2006-12-31,0.044,31,34,,62,5,,
2089,4300,4350,2006-08-01,2006-08-31,2006-01-01,2006-12-31,0.038,33,28,,65,5,,
2089,4350,4400,2006-08-01,2006-08-31,2006-01-01,2006-12-31,0.062,21,27,,80,5,,
2089,4400,4450,2006-08-01,2006-08-31,2006-01-01,2006-12-31,0.03,24,33,,87,5,,
2089,4450,4500,2006-08-01,2006-08-31,2006-01-01,2006-12-31,0.01,22,23,,80,5,,
2094,2025,2266,2017-09-04,,,,,1,179,,,,,FROM_ELEVATION/TO_ELEVATION: Refer to bottom of the third distinct icefall to the toe of the glacier which was covered by the survey.
2095,2574,2598,2018-07-26,,,,,,9,,,,partial,MEAN_THICKNESS: Over the 3 profiles (very limited region of the glacier)
2096,4375,4400,2010-10-01,2010-10-31,2010-10-01,2010-10-31,0.015,14,0,,5,,,
2096,4400,4450,2010-10-01,2010-10-31,2010-10-01,2010-10-31,0.057,18,11,,33,,,
2096,4450,4500,2010-10-01,2010-10-31,2010-10-01,2010-10-31,0.055,27,8,,20,,,
2096,4500,4550,2010-10-01,2010-10-31,2010-10-01,2010-10-31,0.065,28,12,,50,,,
2096,4550,4600,2010-10-01,2010-10-31,2010-10-01,2010-10-31,0.097,23,20,,61,,,
2096,4600,4650,2010-10-01,2010-10-31,2010-10-01,2010-10-31,0.091,24,23,,64,,,
2096,4650,4700,2010-10-01,2010-10-31,2010-10-01,2010-10-31,0.064,27,24,,66,,,
2096,4700,4750,2010-10-01,2010-10-31,2010-10-01,2010-10-31,0.05,27,16,,37,,,
2096,4750,4800,2010-10-01,2010-10-31,2010-10-01,2010-10-31,0.038,20,7,,19,,,
2096,4800,4806,2010-10-01,2010-10-31,2010-10-01,2010-10-31,0.004,6,0,,3,,,
2097,3481,3500,2010-09-03,,2000-02-01,2000-02-29,0.003,25,0,,0,,,
2097,3500,3550,2010-09-03,,2000-02-01,2000-02-29,0.151,9,24,,57,,,
2097,3550,3600,2010-09-03,,2000-02-01,2000-02-29,0.193,11,35,,72,,,
2097,3600,3650,2010-09-03,,2000-02-01,2000-02-29,0.251,11,28,,72,,,
2097,3650,3700,2010-09-03,,2000-02-01,2000-02-29,0.159,21,18,,51,,,
2097,3700,3750,2010-09-03,,2000-02-01,2000-02-29,0.147,30,13,,32,,,
2097,3750,3800,2010-09-03,,2000-02-01,2000-02-29,0.123,32,10,,26,,,
2097,3800,3850,2010-09-03,,2000-02-01,2000-02-29,0.081,39,7,,20,,,
2097,3850,3900,2010-09-03,,2000-02-01,2000-02-29,0.128,25,2,,13,,,
2097,3900,3912,2010-09-03,,2000-02-01,2000-02-29,0.011,12,3,,8,,,
2098,3408,3500,2009-08-01,,2000-02-01,2000-02-29,0.144,12,0,,8,,partial,
2098,3500,3600,2009-08-01,,2000-02-01,2000-02-29,0.488,7,62,,169,,partial,
2098,3600,3700,2009-08-01,,2000-02-01,2000-02-29,0.604,5,68,,177,,partial,
2098,3700,3800,2009-08-01,,2000-02-01,2000-02-29,0.345,9,68,,156,,partial,
2098,3800,3900,2009-08-01,,2000-02-01,2000-02-29,0.485,12,31,,78,,partial,
2099,3700,3800,2008-08-01,2008-08-31,2008-08-01,2008-08-31,0.227,8,11,,43,,partial,
2099,3800,3900,2008-08-01,2008-08-31,2008-08-01,2008-08-31,0.357,11,18,,48,,partial,
2099,3900,4000,2008-08-01,2008-08-31,2008-08-01,2008-08-31,0.207,12,18,,44,,partial,
2099,4000,4100,2008-08-01,2008-08-31,2008-08-01,2008-08-31,0.313,12,21,,88,,partial,
2099,4100,4200,2008-08-01,2008-08-31,2008-08-01,2008-08-31,0.451,6,57,,148,,partial,
2100,4300,4400,1980-01-01,1980-12-31,1975-01-01,1975-12-31,0.108,15,42,,84,,,
2100,4400,4500,1980-01-01,1980-12-31,1975-01-01,1975-12-31,0.193,12,59,,96,,,
2100,4500,4600,1980-01-01,1980-12-31,1975-01-01,1975-12-31,0.274,14,61,,117,,,
2100,4600,4700,1980-01-01,1980-12-31,1975-01-01,1975-12-31,0.412,17,60,,121,,,
2100,4700,4800,1980-01-01,1980-12-31,1975-01-01,1975-12-31,0.479,21,59,,112,,,
2100,4800,4900,1980-01-01,1980-12-31,1975-01-01,1975-12-31,0.559,23,44,,91,,,
2100,4900,5000,1980-01-01,1980-12-31,1975-01-01,1975-12-31,0.545,26,19,,83,,,
2100,5000,5100,1980-01-01,1980-12-31,1975-01-01,1975-12-31,0.379,24,3,,36,,,
2100,5100,5200,1980-01-01,1980-12-31,1975-01-01,1975-12-31,0.016,32,0,,0,,,
2124,5600,5800,2015-09-16,,2012-10-23,,0.51264,,23,1,54,1,,
